budget,release_date,revenue,vote_average,vote_count,year,Success
11500000,2016-01-21,94073028,5.7,1406,2016,True
40000000,2005-11-09,46442528,6.3,186,2005,False
1000000,2011-09-30,34522221,6.8,77,2011,True
55000000,1999-12-16,100230832,6.8,422,1999,True
25000000,2009-09-11,10589102,6.0,326,2009,False
3716946,1970-05-13,5000000,6.9,47,1970,False
20000000,2006-10-13,22165608,5.0,163,2006,False
10000000,2011-12-23,303877,5.8,45,2011,False
25000000,2013-12-05,6399,5.1,73,2013,False
20000000,2007-08-17,121463226,7.0,2100,2007,True
40000000,2004-10-29,124731534,7.2,467,2004,True
40000000,2008-02-01,151161491,6.2,716,2008,True
140000000,2001-05-21,449220945,6.6,1791,2001,True
65000000,2001-05-11,117487473,6.6,907,2001,True
40000000,2014-11-12,169837010,5.4,1127,2014,True
20000000,2007-08-31,16974459,6.5,297,2007,False
64000000,1999-10-08,74608570,5.3,63,1999,False
6000000,2006-02-24,57231524,6.0,77,2006,True
15000000,1983-07-28,61399552,7.1,410,1983,True
45000000,2007-12-25,175372502,7.0,1111,2007,True
75000000,2012-06-13,59418613,6.0,385,2012,False
32000000,2010-08-26,69055695,6.0,394,2010,True
190000000,2015-05-19,209154322,6.2,2846,2015,False
127000000,2014-12-17,349424282,6.1,1851,2014,True
700000,2006-08-11,4911725,6.5,240,2006,True
5000000,2014-03-25,10429707,5.5,121,2014,True
150000000,2010-05-19,335154643,6.2,2317,2010,True
49000000,2015-03-04,104399548,6.6,3062,2015,True
49000000,2001-11-02,72700000,5.7,437,2001,False
61000000,2013-08-02,131940411,6.6,1589,2013,True
150000000,2009-06-19,836297228,6.0,3138,2009,True
35000000,2008-02-08,43650785,5.7,57,2008,False
15000000,1998-07-24,17507368,5.5,104,1998,False
25000000,2011-08-09,124272124,7.8,1910,2011,True
23000000,1998-07-15,369884651,6.5,1590,1998,True
70000000,2007-11-05,195735876,5.5,841,2007,True
200000,1996-10-18,4505922,6.8,253,1996,True
2280000,1940-11-13,83320000,7.2,808,1940,True
55000000,2002-01-04,6416302,5.3,123,2002,False
24000000,2008-09-18,42105111,6.1,721,2008,True
15000000,2014-12-05,52501541,7.0,951,2014,True
45000000,2008-08-22,73762516,6.0,1175,2008,True
70000000,1991-12-11,300854823,6.6,1532,1991,True
70000000,2014-10-01,215529201,6.2,2389,2014,True
90000000,2013-12-18,188133322,7.0,3144,2013,True
10000000,2009-10-16,9069,7.0,5,2009,False
22000000,2013-11-27,43058898,6.4,875,2013,True
15000000,2008-05-12,377910544,7.6,2827,2008,True
15000000,2013-10-22,151831537,6.0,680,2013,True
20000000,2007-01-05,10337477,4.7,78,2007,False
22000000,2003-08-29,68296293,7.0,262,2003,True
8000000,2014-01-29,26049082,6.1,1004,2014,True
31000000,1990-08-09,53208180,6.2,433,1990,True
10000,1977-03-19,7000000,7.5,485,1977,True
18000000,2016-03-23,88923251,5.5,322,2016,True
75000000,2013-05-29,117698894,7.3,5487,2013,True
60000000,2006-09-22,17800000,6.3,271,2006,False
6500000,1991-07-12,57504069,7.4,364,1991,True
35000000,2012-02-23,24159934,5.3,394,2012,False
258000000,2007-05-01,890871626,5.9,3576,2007,True
60000000,2008-09-11,73174566,5.9,375,2008,False
10000000,2009-11-06,47536959,6.9,417,2009,True
3000000,1948-08-26,9012000,7.3,82,1948,True
24000000,2007-11-21,99965753,5.9,966,2007,True
13500000,2015-09-18,187674,5.2,32,2015,False
5000000,2010-05-14,4074023,5.9,11,2010,False
30000000,2009-08-19,48428063,6.6,1262,2009,True
15000000,2001-10-14,23000,6.1,7,2001,False
225000000,2008-05-15,419651413,6.3,1630,2008,True
5000000,2015-07-30,58978653,6.7,1049,2015,True
35000000,2004-03-25,36098382,5.8,325,2004,False
11,1978-04-26,11,6.4,29,1978,False
17000000,2012-04-20,73244881,5.6,546,2012,True
30000000,1995-08-04,24048000,5.4,163,1995,False
100000000,2001-07-25,362211740,5.6,1243,2001,True
250000,2011-10-28,3542353,6.4,381,2011,True
10000000,2015-11-12,3727746,5.4,156,2015,False
26000000,2002-03-17,38793283,4.9,89,2002,False
5000000,2003-10-23,2466444,6.2,73,2003,False
35000000,2015-03-05,14431253,5.0,320,2015,False
2000000,1961-09-25,7600000,7.6,240,1961,True
45000000,2000-12-14,212000000,6.1,961,2000,True
65000000,1998-12-17,250821495,6.3,838,1998,True
85000000,2008-02-10,222231186,5.9,1799,2008,True
3000000,2002-08-01,19184015,5.0,1,2002,True
30000000,1998-05-15,29202884,6.3,66,1998,False
78146652,2009-03-19,60000000,5.7,201,2009,False
48000000,2002-03-29,196397415,6.5,1267,2002,True
15000000,1997-12-25,64256513,6.7,270,1997,True
28000000,2013-10-11,8555008,5.7,364,2013,False
10200000,2007-06-08,35619521,5.6,453,2007,True
50000000,1995-10-13,9851610,5.2,44,1995,False
27000000,2009-08-13,29000000,6.1,563,2009,False
185000000,2012-06-21,538983207,6.7,4641,2012,True
66000000,2014-03-13,203277636,6.1,1520,2014,True
155000000,2015-06-23,440603537,5.8,3631,2015,True
75000000,1998-10-23,14567883,6.1,221,1998,False
20000000,1981-07-31,2297493,4.9,7,1981,False
16000000,2001-12-07,66468332,5.5,431,2001,True
55000000,1995-07-07,127600435,5.9,311,1995,True
2900000,1961-12-18,5000000,7.3,25,1961,True
6244087,1969-06-17,638641,7.6,259,1969,False
46000000,2002-05-24,113714830,6.8,1148,2002,True
20000000,1998-09-11,18253415,6.5,52,1998,False
23000000,1999-12-03,10827816,6.6,55,1999,False
950000,1962-10-04,59600000,6.9,940,1962,True
60000000,2007-12-13,361366633,5.5,1177,2007,True
16000000,2009-09-18,31556061,5.3,837,2009,True
10000000,1981-06-25,85300000,6.5,249,1981,True
45000000,2010-02-12,60222298,6.7,670,2010,False
8000000,2010-06-17,3453043,6.4,215,2010,False
20000000,2003-02-07,135680000,5.6,269,2003,True
10000000,2010-05-21,6110000,5.1,179,2010,False
3500000,1966-02-23,12000000,6.2,35,1966,True
30000000,2010-11-18,51148651,6.9,905,2010,True
144000000,2016-07-14,229147509,5.3,2142,2016,True
20000000,2012-10-10,52302796,5.0,432,2012,True
30000000,1998-11-20,100491683,5.7,147,1998,True
10000000,1999-11-12,30652890,6.8,823,1999,True
600000,1970-03-26,34505110,7.1,66,1970,True
13000000,2009-05-05,754249,7.2,387,2009,False
5000000,2002-10-21,64282312,6.1,345,2002,True
110000000,2004-12-09,362744280,6.4,2124,2004,True
150000000,2011-05-25,665692281,6.7,1880,2011,True
930000,2011-06-18,30905,5.3,66,2011,False
26000000,2003-08-03,110230332,6.0,879,2003,True
130000000,2013-07-18,61648500,5.4,1260,2013,False
10000000,2015-06-04,104303851,6.2,983,2015,True
14000000,1981-09-16,85000000,7.9,613,1981,True
25000000,2005-06-01,39053061,6.3,386,2005,True
30000000,2008-07-24,68369434,5.5,523,2008,True
35000000,2015-07-17,140795793,5.9,1181,2015,True
21000000,2007-01-05,41170784,7.5,356,2007,True
8000000,2005-10-25,2019009,6.1,17,2005,False
120000000,2011-01-12,227817248,5.5,1251,2011,True
50000000,2009-04-01,36348784,7.2,666,2009,False
100000000,2010-05-26,288347692,5.4,426,2010,True
8000000,2007-04-30,458232,5.8,18,2007,False
30000000,2008-03-14,22211426,5.8,363,2008,False
10000000,1998-02-20,45779,3.0,9,1998,False
10,2013-09-28,10000000,4.9,119,2013,True
170000000,2016-05-25,299370084,6.5,1725,2016,True
150000,1971-04-23,15200000,4.6,18,1971,True
28000000,2015-12-11,133346506,7.3,2607,2015,True
13500000,2000-11-22,7060876,6.8,128,2000,False
65000000,2004-12-08,128905366,5.7,1252,2004,True
38000000,2007-12-17,5410749,4.3,75,2007,False
9500000,1967-06-12,111584787,6.5,531,1967,True
40000000,2015-11-10,34227298,5.6,685,2015,False
20000000,2011-05-16,216197492,5.4,1584,2011,True
165000000,2010-03-05,494878759,7.5,4227,2010,True
30000000,2010-11-22,102820008,6.6,1233,2010,True
25000000,2007-09-21,59192128,5.5,444,2007,True
80000000,1997-06-27,245676146,6.8,1583,1997,True
15000000,2007-09-11,56255142,7.8,3045,2007,True
18000000,2004-01-20,65070412,5.6,74,2004,True
7200000,1971-12-13,116019547,6.3,553,1971,True
30000000,2008-09-09,31148328,6.3,240,2008,False
12000000,1985-02-08,68706993,7.0,375,1985,True
80000000,2009-12-03,53825515,5.1,165,2009,False
44000000,2013-03-22,63327201,6.0,1817,2013,False
195000000,2011-06-28,1123746996,6.1,3299,2011,True
8900000,2012-07-01,19839492,7.5,400,2012,True
5000000,2006-11-22,140666,6.1,7,2006,False
20000000,1997-08-26,10686841,7.3,187,1997,False
1200000,1936-10-20,2736000,6.8,18,1936,True
50000000,2006-01-12,111340801,6.4,1528,2006,True
25000000,2012-05-22,8784318,5.5,301,2012,False
700000,2015-06-19,17986781,7.2,691,2015,True
42000000,2012-01-13,46221189,6.2,925,2012,False
85000000,2007-11-20,340487652,6.6,1449,2007,True
2686000,1963-06-12,6600000,6.0,30,1963,True
80000000,2004-08-20,78000586,4.7,183,2004,False
500000,2003-01-26,8679814,7.4,210,2003,True
40000000,2013-12-25,44907260,6.0,433,2013,False
10000000,2015-08-19,52882018,5.4,581,2015,True
50000000,2006-04-21,97607453,6.3,1067,2006,True
54000000,1990-12-24,136766062,7.1,1546,1990,True
45000000,1992-06-04,178051587,6.3,433,1992,True
39000000,2009-08-14,101229792,6.7,798,2009,True
55000000,1995-06-14,346079773,6.7,1457,1995,True
1000000,2000-02-01,1744858,6.3,25,2000,True
40000000,2009-06-01,317375031,6.7,1804,2009,True
12000000,2001-12-21,31155435,6.3,218,2001,True
12806000,2004-09-03,38535221,7.2,219,2004,True
16000000,1986-03-07,5900000,6.8,624,1986,False
18000000,2002-01-01,676698,7.0,104,2002,False
57000000,1996-05-31,115267375,6.4,535,1996,True
20000000,2006-10-13,39143839,5.2,283,2006,True
30000000,2006-09-01,495303,6.3,664,2006,False
20000000,2012-04-04,16863583,4.8,271,2012,False
44000000,2000-05-10,21400000,3.0,255,2000,False
50100000,2015-02-25,153962963,6.7,2542,2015,True
250000,1997-04-04,12021272,6.7,433,1997,True
40000000,1994-06-03,24332324,5.9,81,1994,False
380000000,2011-05-14,1045713802,6.4,4948,2011,True
100000000,2009-06-11,150166126,6.2,954,2009,True
2500000,1967-08-30,3200000,7.1,95,1967,False
4000000,1961-01-01,8200000,6.8,72,1961,True
3000000,2011-03-13,22000,5.7,197,2011,False
130000000,2013-05-30,243843127,5.0,2532,2013,True
15000000,2012-09-07,19422261,6.7,1206,2012,False
12000000,2006-10-06,38368909,5.3,153,2006,True
60000000,2001-03-01,56359980,5.7,191,2001,False
40000000,2006-10-19,109676311,8.0,4391,2006,True
15000000,1994-02-04,107217396,6.4,1648,1994,True
64000000,2015-07-29,97571250,7.6,756,2015,True
45000000,2005-08-11,92374674,6.7,607,2005,True
11000000,1981-06-12,31672907,6.5,204,1981,True
35000000,2008-03-27,25871834,4.9,379,2008,False
15000000,1984-11-29,316360478,6.8,961,1984,True
50000000,1997-09-12,109423648,7.5,1506,1997,True
45000000,2012-09-27,376141306,6.1,2757,2012,True
73000000,2016-05-11,349779543,5.9,1022,2016,True
22000000,2001-08-22,33788161,6.4,480,2001,True
50000000,1997-08-22,48169156,6.0,395,1997,False
200000,1933-02-09,2200000,5.1,27,1933,True
150000000,2005-11-04,314432665,5.6,944,2005,True
54000000,1996-06-26,128769345,5.4,702,1996,True
30000000,2005-09-04,192452832,6.8,643,2005,True
73000000,1998-08-07,103891409,5.8,327,1998,False
15000000,2013-03-20,35485608,6.8,1653,2013,True
30000000,2005-06-06,27610873,6.6,238,2005,False
12500000,2010-09-16,1083683,6.0,94,2010,False
15000000,2009-09-04,40105542,4.7,295,2009,True
4500000,1982-08-13,27092880,7.0,322,1982,True
1800000,1951-09-18,8000000,7.6,281,1951,True
40000000,1997-07-31,87840042,5.0,336,1997,True
30000000,2004-02-25,611899420,6.9,864,2004,True
50000000,2004-12-10,34808403,7.1,775,2004,False
18000000,1981-07-24,12000000,7.3,236,1981,False
8000000,2010-09-10,74952305,6.7,2210,2010,True
17000000,2000-10-01,213525736,7.2,927,2000,True
245000,1925-11-05,22000000,7.0,21,1925,True
22500000,2014-12-25,15520023,6.8,431,2014,False
70000000,2000-12-15,374111707,6.1,992,2000,True
18000000,2013-12-26,22309223,6.7,273,2013,False
40000000,2015-02-16,13644292,5.5,392,2015,False
33000000,2004-04-15,54700105,6.1,766,2004,True
70000000,2011-03-08,202466756,5.5,1448,2011,True
5500000,1980-06-06,4865000,3.3,16,1980,False
15000000,1999-09-15,356296601,7.9,3313,1999,True
90000000,2006-10-18,65900249,6.7,526,2006,False
63000000,1988-05-24,189015611,5.7,690,1988,True
12000000,2009-04-22,10652498,7.6,55,2009,False
8000000,1973-12-26,441306145,7.5,2005,1973,True
92000000,2001-11-18,143049560,6.8,579,2001,True
10000000,2001-07-01,59217789,6.1,720,2001,True
125000000,2014-03-20,362637473,5.6,2350,2014,True
12000000,2002-08-29,56298474,7.3,383,2002,True
35000000,2012-08-24,31083599,6.2,832,2012,False
37000000,1997-10-31,6482195,5.8,52,1997,False
30000000,2003-08-15,114908830,5.8,594,2003,True
140000000,2007-08-08,258022233,6.1,783,2007,True
120000000,2013-07-23,415440673,6.3,4053,2013,True
50000000,2003-04-18,42792561,6.2,286,2003,False
30000000,1988-07-20,38413606,7.2,238,1988,False
25000000,2007-11-08,171600000,7.7,3003,2007,True
90000000,1995-05-19,366101666,6.9,2066,1995,True
75000000,2001-10-12,67631903,6.2,302,2001,False
145000000,2014-06-12,609123048,7.6,3106,2014,True
25000000,1998-05-01,21567853,6.7,134,1998,False
70000000,2007-02-08,53587404,4.0,104,2007,False
40000000,1999-12-25,128798265,7.0,767,1999,True
126000000,2005-07-20,162949164,6.5,1770,2005,False
65000000,2004-08-04,217764291,7.0,1451,2004,True
75000000,2005-10-24,142400065,5.9,893,2005,True
15000000,1986-05-16,356830601,6.7,1698,1986,True
150000000,2012-05-08,245527149,5.7,2320,2012,True
60000000,2016-03-02,205754447,5.8,1621,2016,True
70000000,2005-02-10,368100420,6.4,1665,2005,True
28000000,2014-04-22,68896829,5.7,615,2014,True
150000000,2003-11-05,424988211,6.4,3096,2003,True
4000000,2007-02-09,2426851,6.2,80,2007,False
100000000,2009-09-17,242988466,6.5,1747,2009,True
5000000,1954-12-23,28200000,6.8,157,1954,True
130000000,2012-05-30,403170142,6.3,5080,2012,True
10000000,1999-05-15,3193102,6.6,105,1999,False
1000000,1956-11-15,9000000,5.5,21,1956,True
65000000,2012-02-14,156974557,5.9,1389,2012,True
18000000,2003-01-09,101564935,5.3,404,2003,True
25000000,2005-10-22,2405420,3.5,118,2005,False
21000000,2008-08-01,17600000,5.8,65,2008,False
50000000,2006-03-10,88715192,5.5,399,2006,True
100000000,2005-12-21,202026112,5.9,627,2005,True
35000000,2001-08-17,13678913,5.7,55,2001,False
13000000,1998-08-28,16757163,5.5,135,1998,False
10000000,1981-12-18,2154696,3.8,6,1981,False
50000000,2003-10-03,55495563,6.1,298,2003,False
50000000,2014-12-25,212902372,5.6,1652,2014,True
400000,1979-04-12,100000000,6.6,1213,1979,True
52000000,2008-07-03,609841637,6.4,1386,2008,True
878000,1942-11-26,10462500,7.9,1422,1942,True
20000000,2007-02-08,84146832,5.8,381,2007,True
29000000,2009-11-20,309208309,7.2,1597,2009,True
17000000,1997-10-17,125586134,5.6,687,1997,True
16000000,2014-10-03,19682924,3.7,392,2014,False
5000000,2013-09-08,44030246,6.3,1050,2013,True
45000000,2011-09-15,160078586,6.0,1007,2011,True
18000000,1995-08-18,122195920,5.4,442,1995,True
12000000,2012-06-01,9622846,6.4,35,2012,False
20000000,2006-09-08,37597471,5.2,288,2006,True
3000000,2015-02-12,3387000,4.9,148,2015,False
45000000,2004-12-17,21009180,5.7,276,2004,False
110000000,2015-03-18,295238201,6.2,3829,2015,True
48000000,1993-05-28,20915465,4.0,232,1993,False
50000000,1990-06-15,41482207,6.2,652,1990,False
20000000,2007-10-01,4001121,6.6,195,2007,False
9000000,2014-09-06,21571189,6.5,115,2014,True
17000000,2006-01-06,9500000,7.0,331,2006,False
50000000,1997-11-07,10541523,5.9,81,1997,False
7000000,2001-04-12,4720371,6.7,14,2001,False
25000000,1985-06-21,11137801,6.7,120,1985,False
46000000,1996-07-04,100860818,6.2,232,1996,True
80000000,2011-02-10,214918407,6.3,1543,2011,True
200000000,2013-04-18,1215439994,6.8,8806,2013,True
30000000,2012-04-12,66486080,6.5,2263,2012,True
12000000,1982-06-03,96800000,7.3,675,1982,True
8000000,1988-07-16,553171,7.8,773,1988,False
80000000,2004-12-17,55041367,5.8,369,2004,False
8000000,2015-12-30,5659286,7.0,459,2015,False
200000000,2013-03-07,491868548,5.7,3530,2013,True
125000000,1997-06-20,238207122,4.2,1418,1997,True
28000000,2008-02-03,92380927,6.4,564,2008,True
12000000,2010-12-01,11212294,6.3,59,2010,False
75000000,2007-12-19,119000410,6.5,338,2007,True
4000000,2008-11-17,530048,6.8,66,2008,False
15000000,2011-08-06,78054825,7.4,3725,2011,True
2000000,1999-10-29,7,8.0,1,1999,False
40000000,2003-09-26,19322135,5.9,482,2003,False
24000000,1999-12-25,8434146,5.7,53,1999,False
85000000,2006-06-03,158468292,6.1,1705,2006,True
35000000,2013-04-25,21819348,5.7,414,2013,False
130000000,2011-11-17,150406466,5.8,373,2011,False
32500000,2011-04-28,288383523,6.5,1661,2011,True
55000000,1987-05-15,14375181,4.2,28,1987,False
115000000,2001-11-01,562816256,7.5,5996,2001,True
5000000,2015-09-10,98450062,6.0,1360,2015,True
11500000,1989-04-21,57469467,6.4,407,1989,True
17000000,2013-11-15,71625195,6.7,110,2013,True
10000000,1968-09-26,37402877,7.0,103,1968,True
92000000,2004-11-05,631442092,7.4,5152,2004,True
50000000,2005-09-30,44434439,5.8,458,2005,False
11000000,1995-12-29,39363635,7.3,337,1995,True
16000000,1989-07-21,92823546,7.3,950,1989,True
10500000,1994-09-02,123509,8.5,2,1994,False
55000000,1978-12-13,300218018,6.9,1022,1978,True
160000000,1999-08-27,61698899,6.4,510,1999,False
8000000,2009-11-24,10629321,5.9,261,2009,False
150000000,2013-06-27,205366737,6.4,1891,2013,False
6900000,2012-09-21,44287131,5.6,555,2012,True
84000000,2002-06-14,275650703,5.4,820,2002,True
20000000,1992-02-14,121697323,6.5,728,1992,True
15000000,2007-10-20,7938872,6.3,545,2007,False
72500000,2006-08-04,162966177,6.2,491,2006,True
2000000,2010-09-10,563706,4.6,19,2010,False
3000000,1998-10-16,2807390,7.4,194,1998,False
12000000,2010-02-15,6814789,5.9,386,2010,False
30000000,1998-09-11,9898412,6.2,179,1998,False
10000000,2010-01-13,33583175,5.8,816,2010,True
7000000,1983-04-08,1246141,4.5,31,1983,False
42000000,2005-09-16,24127895,7.0,1335,2005,False
13000000,2006-03-16,2636637,6.5,138,2006,False
95000000,2000-08-04,190213455,5.6,634,2000,True
45000000,2000-06-21,224834564,6.5,1150,2000,True
50000000,1999-09-17,73956241,7.2,396,1999,False
27220000,2013-07-18,5496951,6.1,465,2013,False
80000000,2000-12-24,34566746,6.9,189,2000,False
30000000,2009-01-09,114663461,5.9,856,2009,True
45000000,2003-07-02,124914842,5.1,377,2003,True
3500000,1987-05-01,14000000,5.9,129,1987,True
45000000,1997-01-31,2154540,4.0,11,1997,False
7000000,2010-02-12,8220215,7.0,118,2010,False
2000000,2004-09-12,120620,7.1,52,2004,False
55000000,2008-12-18,168167691,7.5,2039,2008,True
4000000,2011-11-18,355688,6.2,37,2011,False
65000000,2012-09-12,240159255,5.6,1600,2012,True
2000000,1976-04-09,7900000,6.7,86,1976,True
55000000,2003-12-10,33828318,5.1,188,2003,False
15000000,2000-03-31,9902115,5.0,37,2000,False
2000000,2015-02-04,14674076,6.6,1832,2015,True
80000000,2010-06-24,271430189,6.0,1705,2010,True
12000000,1979-01-01,54000000,5.4,25,1979,True
60000000,2004-10-01,74541707,6.2,207,2004,False
5500000,1973-04-19,15700000,7.4,278,1973,True
1000000,1949-12-14,7800000,6.2,33,1949,True
30000000,1997-11-21,51376861,3.8,221,1997,True
6000000,1995-05-24,12000000,5.4,32,1995,True
13000000,2013-03-14,68572378,6.6,1257,2013,True
12000000,2013-11-01,100129872,7.4,579,2013,True
20000000,2006-02-17,48548426,3.6,222,2006,True
60000000,2002-12-13,67312826,6.1,479,2002,False
110000000,2016-03-09,179246868,5.9,1998,2016,True
20000000,2009-07-24,41596251,6.7,1261,2009,True
100000000,2002-07-19,35168966,6.1,264,2002,False
1500000,2009-03-06,32000,6.6,183,2009,False
35000000,2006-08-11,12506188,4.9,135,2006,False
84000000,2000-07-27,123307945,4.7,332,2000,False
30000000,2000-03-17,47126295,7.0,628,2000,True
6500000,1999-08-13,4217115,6.7,100,1999,False
8000000,1991-08-23,2275557,5.7,95,1991,False
44000000,1980-11-19,3484331,6.4,55,1980,False
10000000,1980-05-12,15795189,6.6,50,1980,True
30000000,2009-09-17,33333531,5.4,597,2009,False
5000000,2012-10-17,142817992,5.2,563,2012,True
12000000,1996-03-22,4939939,5.7,16,1996,False
75000000,2005-03-10,260696994,6.0,1333,2005,True
3500000,1995-04-26,28215918,7.0,503,1995,True
100000000,1999-11-24,211989043,5.5,482,1999,True
25000000,1983-12-08,65884703,8.0,2948,1983,True
5000000,1987-02-27,44793222,6.5,354,1987,True
140000000,1998-07-01,553799566,6.4,2482,1998,True
60000000,1998-06-04,264118201,7.8,4537,1998,True
3000000,1997-08-22,302204,7.0,23,1997,False
3200000,1962-04-22,8000000,7.4,265,1962,True
20000000,1985-03-27,18432000,6.8,260,1985,False
14500000,1996-10-31,147298761,6.7,1374,1996,True
43000000,2013-06-27,158674180,6.5,1575,2013,True
150000000,2015-06-09,1513528810,6.5,8662,2015,True
14000000,1991-01-18,34793160,6.5,135,1991,True
8000000,1984-06-22,90815558,6.9,891,1984,True
22000000,2010-05-20,24188922,6.5,235,2010,False
23000000,1998-11-06,185991646,5.9,512,1998,True
500000,2012-02-24,845188,7.0,2,2012,True
23000000,1999-11-12,18653615,5.9,66,1999,False
20000000,2015-06-26,43967255,6.8,276,2015,True
13000000,2014-10-09,54837234,7.1,763,2014,True
75000000,1997-06-01,224012234,6.5,1270,1997,True
11000000,2001-03-30,23430766,4.9,74,2001,True
25000000,2014-04-11,28831145,6.5,304,2014,False
4500000,2010-04-09,3606395,5.4,251,2010,False
2000000,1971-04-28,11833696,6.7,165,1971,True
2000000,1938-05-24,4000000,4.8,6,1938,True
18000000,2014-07-20,25312387,5.7,164,2014,False
30000000,2006-09-09,53653224,7.1,721,2006,True
30000000,2009-03-15,90810892,6.2,966,2009,True
60000000,2001-12-11,313542341,7.7,3009,2001,True
8500000,2016-09-09,15861566,6.5,178,2016,True
72000000,1995-05-24,210000000,7.7,3336,1995,True
4361898,2003-06-06,3031801,5.6,28,2003,False
26000000,2015-07-10,30523226,6.3,1091,2015,False
1200000,2013-04-19,2861020,6.3,24,2013,True
100000000,2004-03-05,108103450,6.5,318,2004,False
14000000,1981-02-11,439564,6.0,2,1981,False
120000000,2006-06-08,461983149,6.6,3877,2006,True
30000000,2005-01-14,76669806,7.3,496,2005,True
57000000,2004-07-23,28283637,4.2,91,2004,False
44500000,2012-10-11,232324128,7.1,3423,2012,True
52000000,2002-12-25,352114312,7.7,3795,2002,True
1600000,1974-04-07,4420000,7.5,372,1974,True
90000000,2009-12-23,524028679,7.0,5766,2009,True
100000000,2013-05-15,268426634,6.4,1121,2013,True
35000000,2012-12-20,88058786,5.6,896,2012,True
25000000,1999-03-12,15156200,6.0,57,1999,False
85000000,2000-10-07,183611771,5.1,313,2000,True
62000000,1994-08-03,215887717,6.4,386,1994,True
30000000,2011-02-03,108609310,5.8,339,2011,True
12000000,2012-02-24,81272766,6.3,417,2012,True
30000000,2011-04-13,14460000,6.8,258,2011,False
57000000,2001-08-17,62112895,5.5,145,2001,False
60000000,2009-02-05,124596398,7.3,1386,2009,True
35000000,2002-09-24,120072577,8.0,1864,2002,True
30000000,2011-06-30,36160375,5.7,359,2011,False
140000000,2003-07-09,655011224,7.5,6985,2003,True
11000000,1984-06-07,153083102,6.9,1596,1984,True
15000000,2015-08-27,632542,6.6,157,2015,False
10000000,2011-11-28,136836156,6.9,459,2011,True
6500000,1989-06-30,37295445,7.6,292,1989,True
15000000,2009-06-19,35097815,6.8,350,2009,True
4600000,2013-06-06,23198652,7.1,688,2013,True
26000000,2010-01-21,67918658,5.2,629,2010,True
7500000,2004-11-24,3347647,6.1,7,2004,False
11000000,2014-08-21,78874843,7.3,1368,2014,True
93000000,2001-12-18,871368364,8.0,8705,2001,True
34000000,1992-11-18,48169908,7.2,370,1992,False
2700000,2004-02-10,15992615,7.6,718,2004,True
32350000,1983-05-23,572700000,7.9,4665,1983,True
80000000,2003-08-08,116643346,5.8,770,2003,False
1000000,2006-01-24,46243000,6.7,251,2006,True
65000000,2016-08-10,143695338,6.2,679,2016,True
105000000,2009-12-08,267045765,6.7,1247,2009,True
5000000,2014-08-14,40100000,6.1,766,2014,True
28000000,2001-10-05,77516304,6.6,521,2001,True
5000000,2006-05-25,26888376,6.9,398,2006,True
55000000,2011-06-17,187361754,5.7,751,2011,True
17000000,2012-02-01,127730736,6.1,1206,2012,True
11000000,2009-10-22,68233629,6.0,722,2009,True
58000000,2015-08-05,158162788,6.2,995,2015,True
7000000,2005-09-30,49084830,6.8,384,2005,True
30000000,2006-03-03,31070211,4.8,458,2006,False
3700000,1948-06-11,2956000,6.6,17,1948,False
3860000,2013-01-08,64076736,6.3,273,2013,True
1000000,1996-08-30,24475416,7.4,231,1996,True
6500000,2005-10-21,2025032,8.0,6,2005,False
23000000,2013-12-18,47351251,7.9,4097,2013,True
35000000,2013-02-21,42930462,5.8,1138,2013,False
200000000,2008-10-30,586090727,6.1,2965,2008,True
60000000,1998-05-14,186883563,6.7,292,1998,True
28000000,1981-06-23,195312802,6.3,490,1981,True
30000000,2005-06-27,25473093,5.3,274,2005,False
12000000,2006-08-31,42931041,6.6,1151,2006,True
65000000,2000-07-31,128884132,6.3,403,2000,True
76000000,2003-06-05,236350661,6.2,2028,2003,True
27000000,1998-03-26,76000000,5.9,44,1998,True
125000000,2014-11-18,752100229,6.6,5584,2014,True
30000000,2011-09-23,2527904,6.4,286,2011,False
30000000,2000-09-29,136706683,7.4,821,2000,True
8000000,1989-08-11,22168359,5.5,245,1989,True
3000000,1993-05-14,1200000,4.5,10,1993,False
33000000,2012-07-26,140470746,6.7,663,2012,True
20000,1997-11-06,99000,7.4,63,1997,True
100000000,2010-03-11,94882889,6.4,717,2010,False
18000000,1992-11-19,358991681,6.3,2395,1992,True
50000000,2015-03-15,3324330,6.1,547,2015,False
82000000,2011-03-24,89792502,5.9,1623,2011,False
17000000,2014-10-11,3758328,6.1,271,2014,False
12000000,1981-12-15,55260558,7.1,109,1981,True
115000000,2001-06-11,274703340,5.7,2192,2001,True
85000000,1998-10-02,71485043,6.8,577,1998,False
13000000,1990-11-09,35763605,5.8,308,1990,True
21000000,2007-05-25,54926886,6.5,323,2007,True
25000000,2007-12-28,77208711,7.9,1537,2007,True
30000000,2013-10-16,82394288,5.8,1463,2013,True
55000000,2006-12-14,307077295,7.7,2525,2006,True
6500000,2004-09-30,11850214,7.0,559,2004,True
31500000,2016-04-14,14708696,5.7,557,2016,False
19500000,2015-10-14,34854990,6.2,336,2015,True
45000000,1996-06-06,17300889,4.7,136,1996,False
125000000,2011-11-22,334615000,7.0,3886,2011,True
2500000,2008-12-10,107559,6.0,40,2008,False
25000000,2003-10-07,156822020,7.6,1422,2003,True
200000000,2009-11-04,325233863,6.6,1095,2009,True
37000000,2015-11-25,173567581,7.3,1915,2015,True
68000000,2012-07-26,68267862,5.3,881,2012,False
29000000,2002-08-20,16930185,5.0,85,2002,False
60000000,2001-04-06,105178561,6.1,400,2001,True
50000000,2011-12-22,120081841,6.5,909,2011,True
120000000,2002-07-19,169956806,5.4,613,2002,False
4638783,1973-05-23,11000000,7.2,65,1973,True
32000000,2003-10-09,173398518,6.4,987,2003,True
68000000,2010-06-23,698491347,5.8,2301,2010,True
12305523,1985-06-29,36230219,5.9,748,1985,True
10000000,2015-04-03,7587485,5.8,383,2015,False
55000000,2008-04-18,127906624,6.3,461,2008,True
45000000,2005-02-02,50871113,6.6,518,2005,False
20000000,1998-10-30,23875127,8.2,3016,1998,False
17000000,2006-12-09,57103895,6.4,534,2006,True
80000000,2016-01-25,52099090,6.3,588,2016,False
4500000,1980-07-05,58853106,5.8,408,1980,True
6500000,1969-12-12,81974493,6.5,456,1969,True
40000000,2001-11-17,91753202,6.0,457,2001,True
6000000,1998-04-23,58000000,6.5,354,1998,True
20000000,2010-10-15,117224271,6.4,428,2010,True
79000000,2012-01-19,355692760,5.8,1030,2012,True
15000000,2011-09-30,27462041,6.2,571,2011,True
5000000,1980-10-02,26010864,7.9,719,1980,True
32000000,2011-02-16,83615414,5.3,313,2011,True
8500000,2000-09-08,19125401,6.4,100,2000,True
250000000,2016-03-23,873260194,5.7,7004,2016,True
30000000,2013-02-07,63372757,6.4,1323,2013,True
30,2000-09-14,103,6.0,100,2000,True
10000000,2014-12-24,28883511,6.8,1196,2014,True
400000,2004-06-11,46118097,6.7,554,2004,True
16000000,2004-05-28,14822346,4.7,108,2004,False
30000000,2013-09-24,62616646,5.5,543,2013,True
13000000,2009-01-18,10652035,6.4,503,2009,False
25000000,2007-07-12,94679598,6.5,1343,2007,True
13200000,2014-09-10,53830415,5.6,181,2014,True
1100000,1987-09-25,1400000,6.8,15,1987,False
17000000,2012-08-23,9627492,4.5,140,2012,False
12600000,2003-05-30,28650575,6.0,635,2003,True
25000000,1996-04-19,10070000,5.3,25,1996,False
15000000,1980-03-07,67182787,7.2,67,1980,True
4000000,1983-04-14,92921203,6.1,302,1983,True
33000000,2006-08-06,62022014,5.1,497,2006,True
27000000,2008-08-06,44352417,6.0,238,2008,True
55000000,2006-03-01,65664721,6.2,661,2006,False
65000000,2014-12-25,163442937,7.3,1400,2014,True
20000000,2008-11-26,54586584,7.1,612,2008,True
8000000,1999-06-04,1997807,7.0,17,1999,False
9000000,2011-08-11,18663238,6.8,79,2011,True
26000000,2009-01-27,43318349,6.8,633,2009,True
1530000,1998-08-20,7267585,7.2,664,1998,True
25000000,2010-11-06,36993168,5.4,341,2010,False
60000000,2009-04-24,31720158,6.6,234,2009,False
53000000,1997-11-20,139804348,7.4,1432,1997,True
300000,1975-04-27,8000000,5.9,124,1975,True
24000000,1998-03-27,4562146,4.1,19,1998,False
55000000,2008-10-07,17869048,6.2,605,2008,False
43000000,2005-07-29,91974818,6.4,573,2005,True
5000000,2001-07-13,5476060,6.3,55,2001,False
180000000,2005-12-07,748806957,6.7,2629,2005,True
6000000,1981-05-22,50244700,6.9,703,1981,True
86000000,2007-11-28,14373825,6.3,395,2007,False
1200000,1966-12-23,6000000,8.1,2311,1966,True
120000000,2002-05-15,649398328,6.4,3992,2002,True
176000003,2015-02-04,183987723,5.2,2768,2015,False
60000000,1997-11-14,159330280,6.1,527,1997,True
5000000,1986-09-26,328203506,6.3,503,1986,True
3500000,2006-02-07,113783,6.7,28,2006,False
3000000,1996-09-11,4109095,5.7,35,1996,False
8000000,2005-01-26,127392239,6.9,358,2005,True
20000000,2006-03-31,21170563,6.0,32,2006,False
30000000,2004-06-15,21800302,5.0,66,2004,False
19800000,2001-11-07,87754044,6.8,246,2001,True
28000000,1997-07-11,8345056,5.5,46,1997,False
85000000,2002-02-06,78382433,5.5,427,2002,False
28000000,2007-07-25,92601050,6.1,327,2007,True
6000000,1946-12-31,20400000,6.2,37,1946,True
5500000,1981-05-15,58972904,6.8,207,1981,True
8000000,1984-03-09,69821334,6.1,321,1984,True
60000000,1997-08-15,26673242,6.5,742,1997,False
8700000,2006-05-25,7659918,6.8,532,2006,False
60000000,2003-12-25,96269812,5.9,581,2003,True
100000000,2007-11-02,266465037,7.4,1502,2007,True
25000000,2008-02-18,226830568,7.2,4369,2008,True
10000000,2015-03-19,10835752,6.6,183,2015,False
200000000,2014-04-16,705717432,6.5,4179,2014,True
200000000,2013-06-20,743559607,7.0,3528,2013,True
11000000,2006-09-22,72778712,6.4,298,2006,True
75000000,2000-11-13,248118121,6.9,1946,2000,True
11000000,1995-05-12,2832826,6.6,9,1995,False
10000000,1998-06-12,25605015,6.1,122,1998,True
28000000,2014-09-18,53181600,6.2,1131,2014,True
70000000,1998-06-12,164000000,5.6,332,1998,True
50000000,1994-05-24,119208989,5.5,434,1994,True
250000000,2013-12-11,958400000,7.6,4524,2013,True
4000000,2015-05-08,187112,5.2,593,2015,False
50000000,2003-02-06,88323487,6.0,692,2003,True
25000000,2007-11-21,66122026,7.1,797,2007,True
24000000,2006-12-20,155721132,6.5,835,2006,True
4100000,1953-09-16,36000000,6.4,42,1953,True
68000000,2002-05-31,193000000,5.9,437,2002,True
30000000,1998-09-13,82150642,7.1,334,1998,True
130000000,2015-07-14,519311965,7.0,5880,2015,True
14000000,2010-08-06,1755212,7.4,418,2010,False
15000000,2014-08-27,32556119,6.0,639,2014,True
1000000,2005-09-16,10047674,5.6,126,2005,True
20000000,2015-11-06,88346473,7.8,2686,2015,True
5000000,1975-05-21,41833347,6.7,137,1975,True
35000000,2005-02-12,25224242,6.8,125,2005,False
150000000,2015-09-24,128388320,5.9,954,2015,False
178000000,2016-05-18,543934787,6.4,4721,2016,True
23000000,2011-11-06,33372606,5.6,505,2011,False
25000000,1996-07-19,17193231,5.2,47,1996,False
60000000,2005-04-27,71073932,4.7,549,2005,False
100000000,2014-07-23,243400000,5.6,1680,2014,True
120000000,2000-03-15,325756637,6.2,597,2000,True
40000000,2006-06-16,114830111,6.5,670,2006,True
37000000,2008-09-05,163720069,6.5,1222,2008,True
15000000,2009-08-28,39421467,5.1,267,2009,True
5000000,2014-12-05,43884652,7.5,1104,2014,True
75000000,2004-09-20,367275019,5.8,1557,2004,True
20000000,2004-04-16,11341016,6.4,24,2004,False
100000,2006-09-29,10178331,6.6,64,2006,True
13000000,1998-05-08,8026971,5.5,10,1998,False
160000000,2015-11-18,653428261,6.6,3984,2015,True
75000000,2007-07-25,527068851,6.9,2264,2007,True
40000000,2009-10-23,28169671,5.5,348,2009,False
50000000,2001-03-13,79958599,5.3,110,2001,True
9000000,2005-08-26,1046166,4.5,12,2005,False
10000000,1992-10-01,50752337,6.4,198,1992,True
178000000,2014-05-27,370541256,7.6,4858,2014,True
25000000,1986-12-12,79817939,5.6,304,1986,True
10000000,2006-09-09,7177143,6.9,336,2006,False
25000000,1999-04-30,4152230,6.1,182,1999,False
20000000,2013-01-03,47241945,5.3,465,2013,True
113000000,2005-05-17,850000000,7.1,4116,2005,True
12000000,1970-01-25,89800000,7.3,323,1970,True
250000000,2014-05-15,747862775,7.5,6032,2014,True
30000000,2005-12-25,30536013,6.4,330,2005,False
140000000,2002-11-26,109578115,7.2,948,2002,False
58000000,2016-02-09,783112979,7.4,10995,2016,True
35000000,2008-10-15,85416905,5.2,613,2008,True
25000000,1991-03-22,78000000,5.8,286,1991,True
40000000,1996-08-23,49627779,4.6,147,1996,False
22000000,2001-02-09,19351569,5.4,154,2001,False
30000000,2015-09-17,84025816,7.2,2416,2015,True
40000000,2016-01-14,124827316,6.1,555,2016,True
25000000,2008-05-14,19844979,6.4,387,2008,False
3000000,2009-05-14,2357852,6.9,250,2009,False
37000000,2008-04-03,100076342,5.6,330,2008,True
130000000,2013-03-26,371876278,5.4,3025,2013,True
58800000,2014-12-11,542307423,7.4,4469,2014,True
12500000,2011-09-24,75993061,6.5,910,2011,True
30000000,2005-08-25,15007991,5.1,202,2005,False
110000000,2007-02-16,228738393,5.2,1712,2007,True
15000000,2005-11-17,12036149,7.0,177,2005,False
25000000,2014-08-11,66980456,6.4,1798,2014,True
1500000,1939-10-19,9600000,7.9,241,1939,True
60000000,1997-01-10,33956608,5.8,130,1997,False
40000000,2000-02-16,36037909,5.0,40,2000,False
2000000,2005-02-11,653621,6.8,31,2005,False
140000000,2008-04-30,585174222,7.4,8776,2008,True
150000000,2005-06-10,374218673,7.5,7359,2005,True
82500000,2006-06-22,237681299,6.0,2104,2006,True
50000000,2010-06-04,83761844,5.0,149,2010,True
54000000,2002-03-22,155010032,6.2,1528,2002,True
50000000,2002-06-28,171269535,5.6,644,2002,True
12500000,1996-01-26,1227324,7.3,31,1996,False
70000000,1998-07-24,481840909,7.9,5048,1998,True
40000000,2011-10-27,173930596,6.7,3417,2011,True
225000000,2013-06-12,662845518,6.5,6359,2013,True
47000000,2011-08-12,157887643,5.9,866,2011,True
18339750,2004-09-08,92180910,7.7,1037,2004,True
3000000,2010-10-01,103735,6.6,36,2010,False
10800000,2008-10-23,113857533,5.9,820,2008,True
22000000,2001-12-28,92542418,7.2,530,2001,True
35000000,2004-08-06,22034832,5.2,112,2004,False
38000000,2013-09-02,90247624,7.7,2277,2013,True
50000000,2006-03-09,61112916,4.5,137,2006,False
75000000,2001-10-30,54249294,5.4,113,2001,False
70000000,1999-07-30,309457509,5.7,455,1999,True
60000000,2006-04-19,77920346,5.8,225,2006,False
2500000,2012-08-16,3325038,6.8,450,2012,False
33000000,2013-10-16,9494789,6.7,232,2013,False
70000000,1993-05-28,255000211,6.1,588,1993,True
6000000,2011-03-25,399611,4.7,12,2011,False
54000000,2003-08-01,7266209,3.5,104,2003,False
50000000,2004-10-15,170128460,5.9,297,2004,True
9500000,2013-09-06,7800000,6.4,334,2013,False
55000000,1998-04-10,198685114,6.4,529,1998,True
40000000,2009-02-06,177259441,6.2,959,2009,True
36000000,2010-03-26,64572262,6.0,894,2010,True
1000000,2012-08-31,444575,7.5,210,2012,False
130000000,2012-08-08,276572938,6.0,2651,2012,True
12000000,2004-11-11,24829644,4.9,287,2004,True
90000000,2000-12-22,429632142,7.5,3218,2000,True
60000000,2002-02-22,52322400,6.1,204,2002,False
80000000,2003-05-23,484572835,6.4,3012,2003,True
18000000,2004-02-06,16702864,4.9,76,2004,False
70000000,2010-09-02,134748021,5.8,493,2010,True
58000000,2013-06-07,44000000,6.1,1658,2013,False
900000,2005-09-12,381420,6.1,73,2005,False
180000000,2016-06-29,356743061,5.5,2430,2016,True
15000000,2010-12-22,20529194,5.9,80,2010,False
35000000,2005-03-25,68915888,5.5,225,2005,True
63000000,1999-10-15,100853753,8.3,9413,1999,True
12000000,2013-09-21,17654912,7.4,636,2013,False
12000000,2007-10-12,11293663,7.1,509,2007,False
19000000,2006-12-19,68673228,7.2,541,2006,True
3000000,2004-09-30,6804016,5.0,3,2004,True
3000000,1988-07-08,7282851,6.3,94,1988,True
35000000,2002-09-08,29882645,6.5,159,2002,False
12000000,2006-10-27,6754898,5.8,78,2006,False
7000000,2012-10-11,12400000,5.1,47,2012,True
5000000,2008-08-06,4040588,6.6,60,2008,False
4000000,1981-11-13,125728258,6.1,183,1981,True
1300000,2006-02-22,639000,5.0,1,2006,False
140000000,2011-07-22,370569774,6.6,7047,2011,True
60000000,1995-07-13,104324083,5.6,210,1995,True
70000000,2002-08-09,277448382,5.8,1424,2002,True
12500000,1993-09-09,12281551,7.5,749,1993,False
55000000,1998-09-25,41610884,6.7,658,1998,False
1488423,1937-12-20,184925486,6.9,1914,1937,True
14000000,1998-09-25,72527595,5.6,290,1998,True
20000000,2002-03-25,75597042,6.5,110,2002,True
70000000,2002-09-20,19924033,4.3,97,2002,False
26000000,2004-07-09,90574188,6.7,1493,2004,True
100000,1969-07-25,27000000,4.3,5,1969,True
6000000,1999-04-21,10409377,7.1,817,1999,True
42000000,2012-03-12,201585328,6.7,4074,2012,True
16000000,2000-06-16,20627372,5.4,103,2000,False
95000000,2003-07-21,156505388,5.5,1418,2003,True
90000000,2008-06-05,201596308,5.5,1048,2008,True
85000000,2001-12-07,450717150,7.2,3783,2001,True
30000000,2011-05-11,151119219,7.4,1990,2011,True
27000000,1983-10-20,21500000,7.3,235,1983,False
250,1998-08-28,203,7.5,12,1998,False
7000000,2016-06-08,1333124,6.4,887,2016,False
170000000,2012-05-30,396600000,5.8,3118,2012,True
140000000,2016-02-25,150680864,5.3,1277,2016,False
45000000,1995-09-22,20350754,4.9,256,1995,False
3500000,2009-09-12,44462,6.5,195,2009,False
6000000,1999-01-22,30471,7.2,837,1999,False
14000000,2005-09-02,178043761,7.5,1480,2005,True
250000,2001-08-31,4186931,6.3,23,2001,True
9000000,1968-10-10,2500000,5.7,146,1968,False
57000000,1997-10-17,152944660,7.2,1374,1997,True
15000000,2009-03-25,8459458,5.9,498,2009,False
12000000,1986-01-01,4884663,5.5,57,1986,False
50000000,2011-02-24,28931401,5.3,600,2011,False
500000,2002-01-13,150277,6.3,152,2002,False
47000000,1996-06-10,102825796,5.7,594,1996,True
100000000,2012-08-08,312573423,6.1,2896,2012,True
30000000,2004-09-03,13001257,6.7,157,2004,False
35000000,1976-04-07,35323292,6.9,97,1976,False
13300000,2014-03-14,5380251,6.0,1102,2014,False
60000000,2001-07-04,93375151,5.0,352,2001,True
30000000,2007-09-02,14711793,7.0,776,2007,False
200000000,2011-06-11,559852396,5.8,2033,2011,True
270000000,2006-06-28,391081192,5.4,1400,2006,False
2600000,2004-07-09,3166000,7.6,23,2004,False
11000000,1965-12-22,111858363,7.4,247,1965,True
1000000,1999-12-11,10037390,5.9,43,1999,True
200000000,2009-05-20,371353001,5.9,2463,2009,True
170000000,2014-03-20,714766572,7.6,5764,2014,True
35000000,1979-12-06,139000000,6.2,530,1979,True
1650000,1953-08-04,30500000,7.2,133,1953,True
2000000,2006-09-08,622806,6.3,41,2006,False
4000000,2002-01-11,9304609,6.7,376,2002,True
19000000,2005-09-09,144216468,6.3,659,2005,True
3200000,1968-06-12,33395426,7.5,863,1968,True
1500000,2007-10-01,173066,5.9,107,2007,False
4000000,2004-04-09,30039392,7.5,2420,2004,True
110000000,2005-06-07,478207520,6.5,2965,2005,True
20000000,2009-04-16,34560577,5.9,861,2009,True
12899867,2006-03-16,85582407,7.3,406,2006,True
60000000,2013-01-10,105200903,6.2,1778,2013,True
40000000,2014-07-14,126546825,6.3,5878,2014,True
11500000,1993-11-05,23237911,7.5,202,1993,True
35000000,2016-05-04,108758521,5.6,1462,2016,True
30000000,2013-09-07,17137302,6.5,356,2013,False
68000000,2001-07-13,71069884,6.7,423,2001,False
26000000,2000-02-18,28780255,6.5,201,2000,False
25000000,1986-05-30,11000000,7.1,705,1986,False
35000000,1992-05-15,321731527,6.4,811,1992,True
27000000,1997-10-03,60527873,6.2,345,1997,True
115000000,1999-05-19,924317558,6.3,4432,1999,True
20000000,2008-10-03,149281606,4.9,209,2008,True
94000000,2003-05-30,940335536,7.6,6122,2003,True
7000000,2013-02-27,1310673,6.7,41,2013,False
40000000,2009-09-09,12206028,5.3,220,2009,False
35000000,2013-11-16,112544580,7.3,1226,2013,True
15000000,2009-09-07,5024782,5.8,84,2009,False
6000000,1993-08-27,3283371,6.9,29,1993,False
19000000,2011-11-04,35387212,6.0,328,2011,True
26000000,1998-07-31,65705772,6.8,399,1998,True
85000000,2009-12-23,219103655,6.2,360,2009,True
135000000,2005-07-28,76932943,4.9,331,2005,False
25000000,1987-06-02,76270454,7.6,1384,1987,True
20000000,2010-04-02,60072596,6.1,29,2010,True
52000000,2010-02-10,216485654,5.7,1013,2010,True
3500000,2016-02-19,40423945,6.3,1434,2016,True
50000000,2013-10-09,122915111,6.7,1659,2013,True
19000000,1964-03-24,4750000,6.0,33,1964,False
28000000,2005-09-13,186438883,7.3,718,2005,True
80000000,1996-11-08,309492681,6.4,470,1996,True
45000000,2007-10-04,4607608,6.4,81,2007,False
15000000,2005-02-04,47175038,6.2,230,2005,True
30000000,2011-04-07,63782078,6.5,1263,2011,True
15000000,1988-02-29,73326666,7.1,1444,1988,True
30000000,2004-11-14,140161792,6.7,574,2004,True
7000000,1988-08-19,72500000,5.8,281,1988,True
60000000,2008-06-11,163403799,4.9,950,2008,True
150000000,2011-03-09,38992758,5.5,199,2011,False
11000000,2001-07-24,16951798,4.5,291,2001,True
50000000,2011-02-18,144492830,5.9,1567,2011,True
33000000,2000-08-17,104155843,6.0,436,2000,True
31000000,2000-04-28,68106245,7.0,462,2000,True
38000000,2013-09-02,98337295,6.2,2035,2013,True
3500000,1967-12-14,13007551,7.4,82,1967,True
57000000,2011-12-10,149217355,4.7,1135,2011,True
5000000,2015-09-11,4842699,5.4,40,2015,False
17000000,2009-01-16,29536299,6.2,293,2009,True
150000000,2008-10-30,603900354,6.2,1810,2008,True
37000000,2010-09-15,154026136,7.0,1468,2010,True
70000000,2003-03-07,85632458,6.4,573,2003,False
4000000,1982-08-13,36690067,5.7,254,1982,True
70000000,2006-03-29,38629478,4.6,180,2006,False
1700000,1973-06-15,8844595,5.5,215,1973,True
5000000,1998-01-30,1980338,6.0,55,1998,False
18000000,2009-09-18,36133014,5.6,180,2009,True
40000000,2015-03-26,111811453,5.9,944,2015,True
35000000,2015-09-30,61181942,6.9,1121,2015,True
6000000,2009-03-06,6670712,6.9,113,2009,False
55000000,1994-07-06,677945399,8.2,7927,1994,True
18000000,2008-11-05,382174,4.4,60,2008,False
75000000,2009-12-21,443140005,5.4,666,2009,True
20000000,2008-10-03,7000000,4.1,20,2008,False
35000000,2008-05-07,170000000,5.8,923,2008,True
45000000,2006-04-13,178262620,5.3,750,2006,True
385907,1916-09-04,8394751,7.4,60,1916,True
60000000,1999-07-28,73648228,5.6,604,1999,False
35000000,2013-02-07,173965010,5.6,1645,2013,True
24000000,2010-08-20,83188165,5.3,581,2010,True
80000000,2003-12-12,266728738,6.3,410,2003,True
58000000,1995-11-16,352194034,6.6,1174,1995,True
85000,1974-10-01,30859000,7.2,590,1974,True
80000000,1996-11-15,250200000,6.5,1288,1996,True
50000000,2004-06-10,200804534,5.2,820,2004,True
4000000,2014-06-05,44349000,7.5,1971,2014,True
10000000,2002-10-11,598645,4.8,50,2002,False
55000000,2010-11-23,89519773,6.9,573,2010,True
3500000,2010-12-27,16566240,6.9,890,2010,True
42000000,2014-11-26,107670357,6.1,1536,2014,True
40000000,2013-04-12,95020213,6.8,787,2013,True
18000000,2006-03-16,1831348,6.7,77,2006,False
80000000,1997-11-26,177977226,5.3,695,1997,True
20000000,2013-07-18,46089287,6.7,1778,2013,True
5000000,1997-05-14,3263585,6.8,103,1997,False
90000000,2011-04-03,484635760,6.5,2166,2011,True
500000,2011-09-02,171760,6.0,210,2011,False
9000000,2004-05-30,23936908,6.6,693,2004,True
36000000,2011-02-25,83160734,5.4,611,2011,True
117000000,2010-06-15,261930431,5.9,1547,2010,True
3500000,1959-06-18,12800000,7.4,46,1959,True
20000000,2005-10-20,12482775,6.0,289,2005,False
35000000,1989-06-23,411348924,7.0,2096,1989,True
60000000,2002-12-06,55003135,5.7,380,2002,False
16000000,1999-03-30,53478166,7.3,1701,1999,True
20000000,2006-03-17,33889159,6.4,671,2006,True
55000000,2010-04-08,152263880,5.9,1122,2010,True
25000000,2016-01-01,1397284,5.4,285,2016,False
32000000,1993-01-15,36733909,6.7,374,1993,False
30000000,1994-12-16,160638883,7.2,619,1994,True
120000000,2016-07-27,415484914,5.9,2341,2016,True
3300000,2002-02-05,30641770,8.1,1814,2002,True
25000000,1970-10-26,3052000,7.0,31,1970,False
50000000,2009-03-12,106303988,5.5,509,2009,True
35000000,1990-11-20,57120318,5.9,730,1990,True
80000000,2005-08-12,10166502,6.8,91,2005,False
66000000,2004-04-02,99318987,6.5,2225,2004,True
92620000,1927-01-10,650422,8.0,657,1927,False
5000000,2002-02-22,368744044,6.2,671,2002,True
35000000,2011-07-08,117000000,6.5,2277,2011,True
40000000,2012-12-19,132820716,6.7,1702,2012,True
30000000,2002-12-13,105834556,6.7,362,2002,True
2000000,1963-10-11,78898765,6.9,760,1963,True
24000000,2000-04-07,36609995,6.1,67,2000,True
130000000,2011-10-25,371940071,6.7,2061,2011,True
18000000,1984-06-29,100000000,5.8,383,1984,True
35000000,2001-01-09,29400000,6.5,215,2001,False
8000000,1998-01-16,17460020,6.4,177,1998,True
70000000,2008-02-07,111231041,5.4,444,2008,True
105000000,1997-11-06,121214377,6.7,1560,1997,False
6600000,2011-05-06,37710610,6.0,56,2011,True
55000000,2014-09-24,192330738,7.1,2954,2014,True
6000000,2008-02-15,7518876,8.0,3,2008,False
36000000,1997-09-07,12532777,7.5,1808,1997,False
50000000,1995-06-09,152022101,5.0,213,1995,True
25000000,2008-10-17,6673422,5.2,127,2008,False
130000000,2005-04-06,119269486,5.7,434,2005,False
45000000,2001-07-04,141220678,5.4,982,2001,True
55000000,1996-08-15,18626419,5.7,194,1996,False
15000000,1982-10-22,125212904,7.2,1488,1982,True
55000000,2013-01-31,9489829,5.2,481,2013,False
90000000,1998-11-25,69131860,5.2,305,1998,False
34000000,2007-03-23,95608995,6.0,345,2007,True
13000000,1994-04-13,7820688,6.4,135,1994,False
6500000,2004-07-23,1548955,6.8,45,2004,False
28000000,2013-07-17,60700000,6.3,2224,2013,True
130000000,2004-05-31,789804554,7.7,5877,2004,True
8000000,2011-09-30,39187783,7.0,1261,2011,True
85000000,2006-12-08,194168700,6.7,1225,2006,True
4000000,1988-11-23,13008928,7.1,550,1988,True
75000000,1997-08-07,136982834,6.5,431,1997,True
175000000,2004-05-13,497409852,6.9,2759,2004,True
12000000,2012-03-01,100000000,6.5,1564,2012,True
25000000,2012-01-12,63100000,6.1,770,2012,True
45000000,2004-09-10,129394835,6.1,1267,2004,True
1200000,1992-09-02,14661007,8.0,3697,1992,True
45000000,1996-08-16,53854588,5.9,150,1996,False
18000000,2014-08-22,266586800,4.6,218,2014,True
2000000,1985-04-10,390659,6.3,86,1985,False
5000000,2010-01-22,5476793,7.3,847,2010,False
150000000,2004-05-19,919838758,6.7,2988,2004,True
75000000,2009-07-31,61458982,5.7,390,2009,False
18500000,2009-09-13,31912793,6.0,518,2009,True
18500000,2016-03-10,6490401,6.4,30,2016,False
30000000,2003-06-16,15368897,5.0,68,2003,False
180000000,2014-05-28,758539785,7.0,4496,2014,True
195000000,2013-02-27,197687603,5.5,2598,2013,False
20000000,1987-05-18,299965036,6.1,613,1987,True
30000000,2006-09-15,41480851,6.5,206,2006,False
180000000,2007-12-04,372234864,5.8,1303,2007,True
6000000,2014-04-30,14348529,5.8,214,2014,True
6000000,2001-11-23,2025238,6.0,44,2001,False
10000000,2011-09-10,3665069,6.5,425,2011,False
40000000,2000-08-23,30199105,5.6,135,2000,False
61000000,2012-12-18,441809770,7.1,1884,2012,True
32000000,2003-10-24,52277485,6.8,141,2003,True
60000000,2001-05-16,484409218,7.3,4056,2001,True
17700000,2001-04-10,30987695,5.5,242,2001,True
40000000,2007-02-09,145896422,6.2,554,2007,True
58000000,2010-10-13,71664962,6.6,2808,2010,False
20000000,2004-02-10,100914445,7.2,831,2004,True
26000000,2006-10-06,14821658,6.9,240,2006,False
80000000,1999-03-05,176885658,6.4,503,1999,True
75000000,1998-05-08,140464664,5.9,855,1998,True
24000000,2001-11-21,14782676,5.8,53,2001,False
14000000,2002-02-01,6413915,5.4,60,2002,False
25000000,2000-03-03,24362772,4.3,29,2000,False
30000000,2012-04-16,40346186,6.3,799,2012,False
79000000,2011-11-11,149673788,4.1,604,2011,True
14000000,1987-09-11,320145693,6.6,291,1987,True
70000000,2011-01-13,67112664,5.2,304,2011,False
130000000,2003-07-18,273339556,6.3,1564,2003,True
25000000,2014-05-09,38307627,6.6,259,2014,True
13000000,2002-09-09,97837138,6.7,1062,2002,True
27000000,2008-10-02,17286299,6.2,244,2008,False
25100000,2008-10-17,29506464,6.1,143,2008,False
8000000,2003-06-11,1477676,7.3,231,2003,False
14000000,2010-03-12,21409028,5.7,39,2010,True
7000000,2004-11-12,29385320,7.4,64,2004,True
11000000,1991-08-02,2807854,5.1,153,1991,False
250000000,2009-07-07,933959197,7.4,5293,2009,True
125000000,2000-05-24,546388105,5.9,1928,2000,True
65000,2010-11-12,416498,5.6,59,2010,True
4000000,2011-04-09,25345000,6.2,157,2011,True
